in_zone,out_zone
6.3224,2.841
6.7956,17.2708
8.8625,8.476
2.7933,17.16
1.9565,3.0458
5.3868,6.92
3.7411,7.4111
0.2768,0.7247
2.0375,1.2673
5.63,18.571
5.3948,1.869
2.3259,1.1142
9.4555,8.8038
5.355,2.0104
4.5841,11.014
2.6536,2.4433
0.2009,5.0264
2.0232,3.2934
0.7174,9.4438
3.2366,9.2909
1.6998,16.6423
2.454,11.7118
5.6244,8.9008
1.7455,5.3995
2.261,6.9937
1.9728,10.339
2.158,7.6957
0.4246,4.1049
1.3082,5.4079
0.7793,6.3142
1.6477,4.9365
13.8327,3.8024
0.4819,0.3563
2.2719,1.7559
2.0087,1.9875
0.5331,7.2938
6.5592,4.0894
0.228,9.9937
1.1669,3.2925
4.1667,8.3247
2.6222,7.6649
2.6331,6.6343
0.9022,13.9799
3.3626,14.1883
2.2716,3.4157
5.2419,24.237
4.0399,10.3429
2.5458,1.7748
2.114,2.1954
1.0266,6.5011
1.0208,7.1805
4.5641,4.106
13.191,10.8876
0.4666,12.657
0.1103,7.6609
0.9427,10.2546
1.4863,3.7939
1.5278,15.8689
19.7166,4.5537
6.8794,4.2035
0.6608,4.0146
9.9769,12.6175
0.7779,7.9584
0.2513,11.0983
1.7977,3.6381
0.4931,4.1108
0.9565,2.4567
9.738,8.9526
1.5206,4.0049
4.9689,3.3798
2.8093,10.8437
1.1575,2.6737
0.4454,3.4547
3.2064,4.1571
1.6944,8.208
3.662,8.2974
3.2874,10.5114
2.8569,4.9365
3.3136,6.2866
2.5252,12.1
21.512,5.3757
8.4327,2.9703
6.492,1.674
0.776,2.7969
3.5003,4.2677
2.671,15.6192
3.0189,13.4456
1.1174,11.9361
9.465,12.3063
0.7512,2.9298
1.8278,14.4939
5.075,6.3706
1.8968,5.1435
6.0097,3.1551
1.6859,8.415
2.425,5.3603
1.7624,7.1646
4.5491,4.4398
2.2242,3.4755
3.0987,9.8088
8.2045,3.3491
2.2713,18.84
3.4052,0.7055
1.6721,12.5277
3.2084,12.1589
2.2183,7.903
2.16,9.8798
1.8822,23.3144
1.8876,5.8368
7.5116,13.6848
2.8813,5.1009
4.3314,8.9845
2.7199,5.5557
0.6994,4.5858
9.28,2.803
1.4551,5.3442
2.2002,12.072
1.316,6.7527
3.8468,2.7469
3.8124,14.3743
3.6163,14.2643
3.6803,2.7451
2.5556,0.3793
3.0003,14.693
12.5616,2.8855
11.7885,11.9439
0.8729,3.1134
1.5409,2.088
0.3198,4.3083
0.6814,8.2909
2.4371,4.6989
2.9163,1.9691
0.2193,6.5885
9.7309,4.5497
3.2813,8.5492
6.9922,5.5964
0.8063,5.4069
13.8561,4.1505
1.9047,17.1106
16.9748,6.5241
2.7639,8.9467
2.0539,6.1443
2.6989,10.1166
2.2089,15.5355
2.2489,3.6558
10.0237,1.3522
0.3513,6.1849
1.1348,7.1394
5.2506,10.784
0.1993,10.4522
1.3759,1.2763
0.8204,10.6311
4.3107,4.8831
2.3444,3.6016
4.2181,5.2884
1.7442,30.4537
13.0174,2.1183
2.8815,11.6153
3.0946,1.8771
2.0534,7.4562
4.8423,14.2608
4.3933,4.2621
4.9924,3.3062
6.8896,9.7589
2.3709,6.2113
2.3504,7.186
4.7702,18.2583
2.4427,6.7632
6.6601,5.5214
0.2485,3.2863
4.7453,3.3049
2.8576,22.5006
14.4097,6.0599
2.1227,3.9292
2.1311,5.6275
3.0259,6.3697
0.3417,8.4914
2.5784,3.5717
8.0855,6.178
6.6272,18.9368
7.1421,0.5711
3.5869,3.9061
1.6045,2.6386
13.2045,4.4119
0.7904,1.7438
1.7223,10.9341
5.8598,17.377
5.1921,9.118
0.831,2.1627
6.8652,8.3877
7.5793,5.8135
0.2473,9.9553
0.4027,4.4297
1.4613,10.8643
5.608,14.473
2.5184,4.606
2.6183,6.1532
0.4625,9.9844
5.6617,3.7111
4.6523,1.9736
4.5172,8.7332
3.4042,11.6236
13.0673,3.9679
17.3262,7.4997
1.7712,2.8755
4.1992,12.1035
1.2893,3.4786
11.0515,10.5527
5.9463,19.8314
7.625,5.8224
13.1696,2.2487
0.3598,2.2861
0.4201,15.4234
7.6613,4.4439
15.6024,16.3311
0.3476,7.7971
4.1654,1.167
16.6792,2.3999
0.7753,7.8874
8.5463,6.7367
0.35,15.7876
0.6488,5.496
3.3552,4.6631
0.363,6.7866
5.0708,6.5751
0.3358,2.5534
11.5591,4.9053
15.9334,13.2495
14.2812,16.4257
7.8976,17.91
23.6581,1.5118
3.9742,1.089
4.0048,5.4458
0.3847,4.3816
3.147,4.842
6.2495,5.4201
0.8529,6.5572
12.6993,7.7594
2.4872,12.4153
2.8359,3.4468
0.7294,2.6153
3.9236,7.9124
2.5411,6.1344
11.4503,11.2929
3.7334,15.5659
0.7935,14.1476
2.592,3.4585
6.53,6.253
1.5623,4.057
0.6733,0.8532
4.9404,13.8581
9.8666,11.8971
0.278,15.6947
3.0153,0.5286
0.819,1.4069
4.4051,17.6484
4.4501,13.8749
0.4137,6.4682
1.6962,16.0795
0.8702,11.6598
1.418,9.4674
5.7538,6.058
11.4355,6.9269
3.2054,3.8719
3.4417,3.5048
4.4734,8.9016
2.3375,13.8979
1.482,1.1127
4.35,19.5527
2.3685,5.1863
0.3868,14.4867
6.6845,12.8874
7.1886,6.635
3.3617,8.6176
6.3164,4.0838
1.3516,22.2897
2.9716,28.7873
11.8349,1.6406
5.1129,26.4138
2.9345,14.4989
3.468,0.2325
0.8609,6.521
0.5732,11.1715
9.2939,1.8617
0.1301,12.6272
28.2479,18.2983
6.2084,10.7505
2.7817,9.549
0.1805,11.982
0.6886,14.9959
5.0303,5.9238
5.8976,7.1146
5.2141,2.4334
6.4693,22.7958
10.1441,8.5388
1.2227,15.8854
3.3869,8.8489
2.9327,1.8566
5.3725,24.1232
1.0095,10.0595
0.9407,3.0369
1.0233,5.3393
11.3239,9.8677
0.5238,14.2577
5.934,4.9084
4.2773,11.5603
6.8513,18.8774
3.8852,1.3047
4.2539,12.2365
15.4942,1.5812
1.5794,15.9312
8.2925,4.6953
3.1163,6.031
8.1626,2.4517
6.8251,13.5219
8.2702,8.5356
10.5063,7.0014
2.5341,14.829
8.7986,22.5419
1.3799,5.2342
7.242,4.3564
4.7753,7.4756
11.8611,11.5848
2.005,8.6022
0.4813,5.9133
1.9523,5.4245
2.1731,14.1379
14.4284,14.2694
0.3379,11.4866
5.2265,14.3293
6.7099,19.6459
10.0742,1.7988
34.2097,5.2889
0.8356,1.6094
1.3958,11.7992
0.8561,16.4072
17.0954,10.7286
12.745,4.2286
0.7002,7.1152
14.0621,5.2078
1.4851,17.3949
26.9134,7.7886
2.1664,23.1123
1.0489,20.5019
6.0858,23.0413
10.6546,8.2854
2.8653,2.589
1.6648,16.1675
9.7314,7.4924
4.5919,2.3912
15.6726,6.6061
1.898,8.7657
1.9916,13.7157
0.2411,28.8886
13.5852,3.6148
0.6214,6.8287
2.1812,6.0886
8.577,3.9745
4.2297,11.6071
3.0489,26.5669
2.1186,21.4924
5.5157,4.6128
1.5028,19.9217
0.9534,2.8167
14.6898,18.3658
3.6575,8.3443
4.105,10.5026
5.221,4.4342
19.2087,6.8295
0.7742,5.2637
3.1153,5.5626
3.5071,32.0998
12.9416,28.307
2.9684,11.0534
2.7294,0.3429
5.7492,9.4727
1.2779,4.1224
1.0434,2.2523
3.4678,3.9515
0.9813,3.6706
0.4486,18.2402
2.3725,5.5099
1.0167,2.1901
9.5457,3.0894
0.3613,3.3349
1.9346,4.8467
3.2631,7.5447
4.2375,1.9426
1.2944,4.1368
1.5761,24.6503
20.9108,6.9107
4.7794,1.5486
24.1104,1.6963
1.8445,11.3793
11.2068,19.8504
1.9323,0.2471
10.3131,2.3883
2.306,14.7481
4.5059,13.5071
21.1721,2.0298
1.0062,6.435
0.2207,5.1941
5.5963,4.1943
1.9282,4.1517
1.559,14.0116
0.8496,4.4594
6.4007,21.3092
0.8992,7.7976
0.3076,4.6161
4.1969,2.5881
3.5248,9.0081
1.2273,5.0537
4.8665,7.5788
1.3114,8.5363
3.6368,23.0899
3.2493,30.3703
2.9028,32.0311
6.9307,7.4594
9.396,12.8402
1.6543,9.6581
4.0656,2.194
0.3695,1.6737
9.3688,4.7857
13.4503,7.8135
0.8889,5.7886
8.6135,4.6571
2.4868,11.6381
5.3881,6.9084
3.2579,29.1284
0.4887,1.3574
5.214,18.3917
1.7886,18.7752
4.4199,5.9064
1.2599,10.7093
3.6452,3.7719
5.6502,12.1434
0.0993,3.8732
1.4098,16.3259
1.7985,4.0289
3.8433,5.4554
5.1111,5.3724
2.3955,4.8284
0.3243,0.0487
3.6227,7.4721
0.5449,7.5632
5.0047,13.1599
7.3784,6.6104
0.7435,6.2274
0.7079,7.9769
3.1605,1.076
1.0819,6.7525
0.9585,10.4316
5.1187,22.3951
4.8243,11.9251
2.6862,17.1533
2.3195,4.2325
2.1092,8.0755
3.856,10.2181
1.5717,3.2873
3.1103,8.492
1.1209,14.0121
1.1132,10.2623
0.8391,12.9552
2.7314,3.3672
2.4713,11.9645
1.7672,4.2354
9.8824,8.4871
0.7491,1.4959
3.9473,17.8374
10.4451,3.6706
4.4475,1.2173
3.3525,14.0491
2.0625,9.294
5.0002,5.6964
2.8675,9.2516
3.2461,2.1482
1.8404,15.0802
2.4086,5.2735
4.587,1.2454
5.9488,22.1581
10.2321,17.4597
1.5497,15.0519
4.1704,22.9328
7.9477,11.7074
1.583,9.3105
4.4715,3.9795
2.4169,6.0434
5.6513,1.3006
7.1253,35.0571
3.035,8.0604
7.1402,11.7976
1.315,25.5459
5.6516,12.311
11.8978,12.0941
8.2384,8.7842
3.4693,4.448
2.2632,11.2167
4.3328,3.6698
3.2686,11.0642
11.1764,11.4087
4.2661,15.0567
5.9837,6.8182
5.917,7.7856
5.7479,37.2542
4.0564,13.5557
3.4624,5.4709
7.0362,3.276
2.8919,7.3377
6.778,1.0083
13.7577,4.6684
1.0615,3.7701
6.1881,34.837
1.2569,9.7138
6.8236,3.7673
1.9211,1.6907
1.9149,7.7269
1.4191,11.0293
2.2863,4.3668
1.2427,12.3933
2.5154,4.895
4.0898,6.6768
1.8669,0.8598
5.305,3.5362
4.6804,3.9651
1.2144,13.871
5.7458,12.4077
7.1047,10.6448
0.7157,5.6445
7.1285,15.5238
2.9886,12.3358
1.8354,6.0904
2.0052,4.9535
2.9034,12.0293
0.7278,29.9821
1.0309,13.7059
2.8621,2.9704
2.2857,7.8714
0.8759,8.4779
2.8963,15.725
0.899,3.5954
0.324,7.3357
2.9648,28.9047
22.0892,19.625
4.3997,22.1681
1.1843,1.901
12.5542,2.7506
6.7474,14.8207
0.0747,3.8952
1.5642,5.6119
8.855,8.9417
3.0797,6.6655
5.0757,5.1395
1.2013,3.9034
24.5765,3.9597
2.3444,11.7346
0.6391,24.8342
6.5881,4.5577
6.8159,14.8599
17.1019,14.7113
4.3895,25.638
3.0121,4.3455
4.9961,10.3863
5.4832,2.8535
4.5098,16.115
3.1376,10.214
3.4544,6.9235
1.7425,7.6252
2.4123,21.9728
7.9428,9.2221
3.285,1.6291
1.0015,2.632
13.8764,2.017
7.4217,19.982
1.1536,7.9083
1.0343,7.7593
2.7407,1.7071
14.8031,6.2216
3.4744,4.4604
3.4374,7.0115
5.5603,3.0867
1.8532,6.8704
3.6307,4.0508
2.9479,2.9151
7.3389,4.0203
0.5968,6.2484
3.5277,10.6339
3.4076,31.8355
1.0263,5.8369
6.2849,14.9048
6.7426,6.7392
0.9638,15.7213
4.2102,18.3665
2.1403,3.9792
2.9061,1.6768
16.9671,4.9615
19.2966,19.7505
7.4309,17.2175
13.4329,5.4413
1.3694,9.3677
1.6798,5.6436
2.9843,26.6522
4.9436,13.8672
13.5826,15.5528
5.809,4.9884
6.497,10.801
8.5993,0.9627
9.0558,5.7455
25.3906,11.6732
21.994,4.6383
4.5582,14.0891
0.9075,11.6308
6.2931,16.8804
0.8901,9.0404
1.0095,15.7564
4.204,12.5083
4.6724,4.934
3.2262,4.6891
7.6504,10.2638
1.0057,13.7895
5.9497,2.107
10.8298,33.6018
1.4939,4.5155
4.4908,7.1579
14.4394,8.3202
1.2548,4.8433
21.1971,10.8131
4.3884,6.9909
11.7612,13.5752
7.0963,32.3699
2.5036,5.7561
3.8449,13.5084
1.4015,15.8821
5.9883,2.2561
6.1832,6.957
5.5447,6.9988
3.4809,5.6243
3.0149,14.7205
12.3351,7.8922
4.234,8.1734
2.6427,27.8396
24.5926,5.5126
13.6204,14.6094
1.1258,8.393
12.7596,0.5606
6.981,30.0204
4.1371,8.6758
8.0716,11.3285
3.5021,10.0129
2.3074,9.1214
4.81,19.2687
19.4773,14.4747
25.3273,20.2894
2.7973,4.553
4.066,3.6653
5.066,15.7603
3.3492,4.6274
11.1983,17.4257
1.5083,0.1539
0.8437,41.8629
2.1776,7.9118
16.2217,12.7537
5.562,17.6596
2.2752,6.6866
3.7411,22.986
11.3377,10.5467
7.3788,16.3538
4.3807,32.1157
2.253,6.0904
4.4089,16.9708
2.8165,5.1454
6.6421,22.8876
3.0232,29.8964
1.9271,11.9204
15.5504,5.7294
8.4124,51.7653
1.9524,19.3737
7.9848,7.3311
1.7663,15.7798
3.2206,18.801
4.7744,5.1068
1.4825,12.3091
2.2864,4.0237
6.3504,22.9847
1.7813,29.9429
15.7032,19.2679
12.6312,4.5572
4.6895,49.182
1.7496,4.7228
3.218,26.1801
1.7757,5.2167
8.722,8.246
4.5181,7.9877
9.2422,12.8254
1.3937,19.5848
5.5083,21.7106
3.6999,6.9887
5.9557,27.8208
14.7625,28.6444
5.9033,1.7342
11.9819,3.4586
9.9995,6.182
6.4066,7.7259
6.891,4.0063
1.3678,16.5204
0.359,19.0535
1.4346,1.6122
1.0537,13.6731
1.1373,5.3079
7.7426,13.6441
17.8715,16.803
9.0283,10.8215
3.524,5.5034
3.6031,4.7934
4.0502,21.385
1.8537,7.5388
1.7799,4.166
8.4024,5.4876
11.1338,30.2189
1.4411,18.2674
2.3246,10.9505
7.613,6.9956
5.271,3.8164
2.01,1.9123
1.5265,16.176
2.668,23.0522
0.2637,2.0937
1.4714,8.8211
2.5776,5.0686
1.1926,11.0921
1.9748,4.3177
9.2893,6.6966
2.7575,15.854
0.9382,8.1036
9.7826,3.0686
7.6095,19.9124
1.4701,3.627
1.2575,6.6932
1.1141,2.8514
0.7282,9.9864
3.9758,7.1153
4.0041,13.866
9.4522,25.5854
2.7454,11.9882
1.019,11.8845
1.753,3.3615
13.0758,15.0407
0.9342,11.8686
11.3829,3.3983
3.4381,4.7329
5.504,9.758
0.4861,4.7014
5.627,18.9807
2.6583,1.3203
3.2289,5.4788
0.4575,12.5151
2.3096,13.6745
5.1464,6.8727
6.5275,13.4204
14.3784,1.4155
2.7315,2.2054
11.7011,20.4278
2.5173,10.0615
4.1942,8.848
5.4657,6.9025
1.3934,9.6945
2.6855,5.8281
3.4579,3.6941
3.812,5.6344
2.405,15.7312
1.5799,8.6952
2.6171,4.1461
4.1964,1.3872
0.9787,4.7316
3.6267,21.6205
2.0154,10.4208
6.3737,17.844
1.4111,8.7977
0.8843,1.9982
0.8587,7.3667
1.4078,28.71
1.3181,29.8992
0.5408,14.1045
1.3502,6.7185
2.4485,8.5706
1.1272,1.3833
2.9547,4.6584
0.2498,8.9778
3.5366,13.9964
1.3925,9.1988
3.4649,2.2372
0.8741,13.0719
3.624,19.7194
2.1072,2.0206
4.1177,8.9278
4.5881,8.5866
3.1165,20.0083
2.6843,33.6869
0.4905,5.5644
1.9718,20.6965
3.3292,3.9144
17.2661,4.7887
2.5125,5.8034
27.7317,5.1457
0.2333,17.0517
3.8557,17.8208
2.8586,9.3286
6.9835,11.8156
4.8417,6.8297
4.5787,6.5036
1.7944,19.493
6.9397,17.3332
2.3214,0.4509
1.828,21.3478
0.1306,10.3491
3.7244,8.5625
0.8574,4.063
7.7749,24.2422
8.3424,10.3602
0.3382,1.6375
3.6653,4.8766
1.858,11.7741
21.9585,9.8052
0.7227,3.7439
1.2651,11.9652
1.2769,5.2518
1.4987,5.8614
3.255,14.1033
2.484,2.0487
1.8471,11.4647
4.9612,4.6595
2.0091,4.3606
1.1038,16.2624
5.9839,6.2915
0.9954,3.3929
2.0048,5.7203
0.8305,20.8922
0.5253,1.7
1.366,6.8457
1.6021,10.5186
0.6254,4.9928
0.8525,17.611
4.4441,19.2481
3.2445,10.7378
1.4875,6.5259
2.6473,15.4973
2.6327,27.6562
6.7684,3.9871
0.2844,11.0423
5.3453,2.4854
5.3728,8.317
2.793,5.7018
8.1137,11.0043
3.3954,12.3889
0.5149,6.1865
0.9336,11.9387
1.1396,7.8152
0.8492,25.9297
1.2367,26.2342
4.1874,13.6104
1.2468,7.8662
1.7654,21.6074
5.8585,11.7682
1.267,16.8431
6.083,15.0399
1.2386,42.4692
1.2456,7.8666
20.5526,12.6461
1.1809,8.8941
3.5689,6.2139
7.5392,3.8208
2.6818,10.1251
1.8868,3.0545
2.9081,17.4309
5.5422,1.1263
1.5274,14.8072
6.8598,2.9792
2.6978,4.2998
0.6331,17.0889
2.0102,4.1658
6.1666,3.5765
5.5236,11.896
0.5115,12.6537
5.2626,1.0389
1.3623,5.7473
0.9507,6.9503
2.1696,6.5518
0.5386,3.9818
2.5554,5.5066
2.9816,3.1563
3.4059,6.8708
1.0477,7.0836
3.7541,6.7899
0.606,7.1034
4.3319,4.9987
1.3435,1.5716
0.6151,22.9041
1.3938,18.0655
0.7966,1.7842
3.19,2.7592
0.1407,3.4954
1.2139,5.1675
0.8851,13.872
4.4853,3.4708
4.7079,18.6891
2.6885,0.7627
2.0016,1.4362
1.0023,4.5861
16.7339,7.328
2.0662,10.0219
12.531,19.4456
6.8431,33.8878
6.288,8.5926
5.2857,14.6227
3.1599,4.8439
5.0864,6.2009
1.9027,8.9059
2.997,3.0793
0.3802,6.6992
3.415,4.2523
0.3981,11.9957
0.8141,3.1844
4.5462,6.0954
8.2247,18.7332
4.325,0.7749
3.9308,8.0792
5.9478,8.2015
8.822,9.6907
1.1939,10.9971
4.7693,23.944
8.6189,17.6747
6.7476,11.2834
1.5233,22.7555
8.8846,2.9061
0.6464,10.0968
7.1921,17.9409
2.1762,3.3667
10.9418,3.4495
2.1034,13.3943
0.5311,4.1478
2.9681,8.8745
0.6523,3.5295
6.8291,17.2352
3.114,15.5347
0.5427,14.8108
2.0453,3.1959
2.07,2.8772
1.473,4.1324
3.605,21.2017
21.581,11.1155
11.3714,12.1519
9.4439,1.2662
0.9643,7.3418
1.9082,3.2279
4.244,2.3662
12.8491,2.3071
2.0079,8.3837
0.3965,4.7345
2.0336,15.9468
2.0825,4.2689
0.9957,3.862
4.2749,6.2547
0.5467,3.8285
0.9915,0.2751
4.6247,13.0904
2.2211,8.2844
3.2833,14.7608
7.0952,7.2762
2.7681,16.0792
1.5537,3.0386
0.1504,14.2122
4.6279,17.2725
2.7375,3.5566
3.6891,11.3938
4.1673,3.8894
8.8463,30.5891
7.9004,16.2899
2.1999,7.859
0.6822,26.4596
3.6109,7.5737
5.9132,16.6901
3.59,4.0805
2.6511,13.2249
5.7889,1.4713
1.799,23.7724
2.2351,26.2198
3.4545,5.1075
1.232,20.5902
1.0973,7.4581
5.1625,0.9282
4.9317,5.7175
13.3646,6.423
2.0988,7.7873
4.1929,17.8713
2.0768,15.748
7.5215,1.5402
2.6625,10.4299
5.4473,10.0344
17.8984,9.0313
0.2216,14.4068
19.1853,13.1883
0.3005,21.725
1.6499,18.3198
7.3493,14.4816
0.1679,13.9912
3.7353,2.1109
1.3186,6.1199
14.1387,9.9913
5.2216,2.4565
1.3579,4.7998
0.6378,11.5096
3.5259,5.8251
4.6129,4.5793
1.5032,23.1291
3.8285,9.3527
2.3492,14.7468
7.0715,16.2767
1.1005,14.9909
0.5528,1.0987
4.292,6.717
2.5267,1.7969
4.2043,6.6209
3.2078,11.5429
5.9903,7.8991
0.303,0.367
5.6756,3.256
10.5217,14.2011
1.2037,6.389
1.8882,1.1392
2.8241,3.0884
1.4206,1.2382
1.4492,4.9715
1.3349,39.5436
5.4469,12.9945
4.1329,15.7626
3.1478,8.5099
5.1317,36.954
0.8676,38.6172
2.6832,29.2304
0.1867,11.8051
3.1351,6.8365
2.0527,4.944
0.1921,1.6755
4.5679,14.3836
7.5901,1.9587
7.0061,10.242
3.7457,6.938
10.9342,1.0538
3.214,7.8694
3.9981,6.4705
1.6554,20.895
3.1774,11.6975
6.813,6.7407
0.6761,24.7213
4.141,7.1203
0.156,8.0791
20.8885,7.3435
3.4004,8.0414
1.2062,4.8498
2.783,15.9215
3.5749,4.966
1.6449,2.8608
4.6991,6.9493
2.1105,9.6807
8.0656,22.5998
1.6812,3.7402
1.139,12.7844
6.2258,5.3474
3.7575,15.424
11.8324,4.96
14.6086,1.2827
0.5646,1.9648
3.2105,7.3996
1.4576,4.8797
2.9257,1.7767
5.292,5.325
9.6847,4.7651
0.2851,2.7961
7.1214,9.4834
4.0331,9.5984
2.9949,7.1385
2.5959,3.4943
4.2411,7.4321
9.7765,3.9236
2.9661,6.9196
1.4959,9.3042
1.2916,33.8764
3.5851,4.5476
0.8201,4.0281
5.8981,8.8655
1.693,8.2875
5.0786,5.8328
7.6104,6.4914
6.7582,1.2202
1.7454,3.4691
10.1431,3.8501
1.6218,29.6031
1.6335,10.8141
5.9287,8.5815
3.1972,25.0944
1.6747,9.3573
3.837,7.9108
14.655,13.3495
2.6876,1.1238
1.1716,12.2899
3.2238,11.1656
3.9316,5.2426
11.3256,5.0233
9.5198,10.167
23.1739,22.8391
7.1446,2.4318
10.182,1.4934
4.5656,12.9222
1.118,8.6196
1.5752,12.9333
0.7361,15.6179
1.7895,43.199
6.4597,5.317
3.314,10.0321
0.6514,5.3427
0.2982,10.0945
0.6344,5.0291
10.0349,6.0167
2.2883,7.3668
4.4377,1.3607
1.8884,6.2954
10.7056,17.5858
4.4615,14.5713
14.9179,13.4823
4.7831,1.5227
6.955,15.4519
2.7912,15.3596
0.6766,10.9549
4.1805,16.6439
1.9862,9.099
0.6255,5.6326
4.6331,20.0744
4.9265,14.4836
4.376,2.3891
5.5656,6.6537
2.1312,3.5366
1.7792,2.6954
1.1247,12.4207
1.0562,20.8771
12.6807,4.3921
2.1477,13.7761
12.3984,4.5144
2.2716,1.5213
2.8015,15.7492
2.5078,18.2842
1.6764,9.7416
13.3367,13.5596
2.0387,9.5898
1.2763,9.8899
5.4932,1.8314
4.1544,9.1315
3.0711,8.3323
2.4801,4.545
7.4536,31.0676
2.532,14.0671
2.8055,7.7084
6.4615,7.7317
1.5729,5.3701
6.2933,4.6464
6.8485,5.1498
8.8438,24.792
6.4503,22.5157
0.5147,10.3706
8.7071,1.8069
0.8282,2.6409
3.9387,3.4244
3.8931,12.1677
9.9417,4.0379
7.2115,10.9661
3.6637,12.0073
12.2289,3.7127
0.8654,4.1794
7.5956,8.1876
4.0257,5.5971
13.7302,3.8171
5.2941,6.3721
7.4192,13.5342
0.5518,7.8021
1.315,4.3076
10.0619,9.8262
3.2558,3.8799
6.6844,4.7611
3.2995,7.3127
12.4385,4.1228
1.2925,14.3339
4.4842,14.834
4.4777,5.3106
7.4717,8.6109
0.8606,5.5976
11.7523,9.9148
3.2135,1.9157
5.3365,19.1502
0.7072,14.0862
12.956,6.0505
4.5212,5.2976
6.0991,3.284
3.9375,22.7488
5.9366,11.4763
5.3387,6.8734
6.1521,8.7686
1.1182,9.7016
1.2356,2.8317
3.1325,6.425
5.25,13.5014
2.907,4.2618
10.5249,9.5068
1.124,10.0932
3.9214,4.7788
2.7491,6.6645
2.839,3.7268
8.6345,7.7385
6.524,7.1504
7.5589,15.0021
4.4633,10.6387
13.878,11.8545
11.4577,6.9201
9.0533,6.7998
15.9928,6.13
2.0466,3.646
4.3608,5.8501
9.1531,2.2044
5.7452,31.4926
8.4305,5.1922
5.5283,3.8226
7.2537,2.9555
7.1826,1.4901
15.0506,17.1166
9.7752,10.1348
1.2482,12.5185
8.6134,7.7785
2.9053,7.0554
6.0386,24.0081
5.9487,8.3799
4.0242,2.4113
10.0566,8.9636
12.1914,10.6294
1.7921,14.1907
6.1733,4.4375
4.8895,6.9634
9.4801,10.0927
15.372,5.4112
7.0692,6.7477
9.5249,3.2985
8.2877,8.4978
4.8493,4.7353
1.2759,8.9687
1.3361,6.9046
7.4296,21.0786
6.939,15.7232
10.3613,21.6346
9.3971,4.5737
3.0682,4.1465
2.7012,0.8135
12.7748,20.491
0.2236,9.4174
9.7397,11.1377
5.0526,6.1197
2.9354,0.6303
0.3111,6.5284
6.6304,7.3383
4.8214,9.5199
7.7707,33.2343
6.2519,19.7487
7.0478,6.9805
5.3549,1.5216
12.59,8.1483
7.5756,9.0371
8.9118,2.921
3.1457,8.6963
18.968,6.5209
20.0847,7.8162
6.657,0.4482
6.5353,7.261
11.6255,5.2919
7.0629,13.4585
27.5097,1.848
13.7327,11.59
4.3289,24.532
4.7767,7.7279
2.6186,7.7766
10.5642,3.2865
3.2854,8.1218
12.1994,2.9113
11.7188,25.8566
1.6665,42.0546
8.2773,4.6636
9.5771,2.4021
14.7839,11.7086
7.7386,4.382
3.4615,8.3256
7.0478,4.8442
2.1793,7.7437
8.4366,20.5508
2.2125,11.7498
9.3519,3.58
13.55,8.4373
6.5362,10.2863
8.9965,9.3209
9.7861,2.734
8.9135,1.7861
7.7649,8.9915
11.7218,23.074
10.7359,5.9616
7.8414,21.0004
3.19,23.7178
3.4047,9.8233
1.9532,10.7445
1.8199,19.8527
6.5972,3.5619
5.1203,8.7269
10.6372,20.2833
1.3777,1.2427
9.4094,3.9333
3.0396,6.4845
7.5939,0.7021
9.5348,24.065
3.808,3.3436
10.9041,1.1189
5.2948,12.8012
1.4937,4.5909
1.4566,13.6472
13.9662,16.0574
1.9909,4.8774
13.2775,0.9383
11.2594,9.1538
3.1318,1.9033
2.1199,9.8734
4.6636,16.9474
1.5129,8.8188
14.1722,2.2533
5.5276,2.8618
15.8291,6.4805
6.2397,5.1607
11.9894,7.7687
5.5189,13.6845
7.5255,13.1519
2.8064,6.6754
6.9065,1.9948
9.7514,6.885
6.0938,11.3074
6.3949,13.1212
10.1558,11.2483
1.9445,10.0489
6.7079,9.3071
4.6287,4.629
0.76,10.5977
1.0886,5.4737
1.4647,9.4394
20.1953,8.8176
7.8252,19.1842
5.1765,11.6372
4.2019,20.4813
4.248,8.6865
5.9634,8.9584
9.8564,5.7707
8.6659,9.3627
7.4145,0.2644
10.2122,3.7434
8.3404,2.6468
8.1592,0.4285
7.682,1.9903
6.9066,2.4921
6.1844,2.1049
9.5997,4.776
12.0526,1.6035
3.578,13.9265
1.7597,2.7096
7.0834,2.2203
7.4934,28.6434
6.2064,3.9341
17.7897,15.5993
6.2081,3.7228
3.6748,25.8126
6.4432,5.4719
7.7276,1.6286
8.4897,8.0055
7.9346,3.0339
6.0697,5.8539
7.8014,6.8721
13.266,1.5277
8.5066,15.2971
9.0104,5.5564
2.2666,4.8743
17.1149,26.528
1.6617,1.8092
3.5612,26.4435
1.6491,12.406
1.245,6.6122
16.8921,16.5279
5.7519,5.3477
14.5938,11.0414
10.0402,5.928
2.941,16.3035
3.8037,7.6323
6.5483,12.1792
6.4977,12.1954
9.5234,9.1147
3.4969,13.8027
1.7153,0.6061
5.52,0.5445
10.2419,6.0562
1.131,10.4589
21.6238,5.1212
3.6339,12.6043
10.6974,9.4498
1.6956,10.1248
5.3551,0.7241
9.5195,4.0915
11.47,7.293
2.5742,13.4032
5.8459,11.9173
5.0194,18.79
2.423,11.6526
4.8847,10.558
1.3657,0.7604
2.9418,5.0543
5.3184,11.8175
2.6324,22.4942
4.0191,6.5156
2.4079,0.9413
16.2932,1.0645
0.8304,6.1903
6.1702,7.0978
14.3897,18.6662
4.2892,4.0341
0.7909,13.5963
8.911,14.9009
4.5056,10.2065
1.7302,27.5958
4.6272,0.2673
0.8664,0.7463
5.7034,18.7047
6.2814,9.6332
0.6325,10.1898
9.5396,29.5333
5.4261,9.1679
1.9262,13.8732
0.7806,5.6591
6.8327,4.2586
7.8845,10.8296
6.6583,0.7087
6.3122,15.5351
2.9432,3.5317
10.4187,7.8771
3.644,5.0363
8.8008,1.9959
3.954,20.306
6.0871,5.3831
2.616,4.0687
2.7174,7.3886
12.4509,8.9273
3.9606,4.1313
14.6961,7.2169
17.2542,8.5919
7.1865,8.2131
2.8621,3.4293
2.933,10.8754
6.8875,6.1587
2.2979,10.9248
7.0536,9.6691
10.69,1.7216
10.5829,10.5311
5.0958,4.1506
5.8066,4.105
3.5373,0.5419
4.374,3.2268
22.2424,19.08
9.8817,12.5053
13.3751,7.2203
7.6851,11.1095
11.0972,11.9233
2.8456,12.1472
12.9028,4.5918
0.1808,9.2347
12.0948,13.7606
4.636,3.3953
10.9241,3.0415
11.9447,11.4402
4.4879,8.8706
7.0711,3.7544
8.9733,12.2633
0.6639,6.1368
5.9228,7.6543
15.7494,12.8083
2.4559,7.8629
5.2566,4.9282
3.7381,8.5471
1.4933,20.3834
4.6073,2.7523
9.0646,11.7855
4.0335,9.6944
5.2313,6.9981
2.5865,4.9724
3.3383,3.9812
8.4611,2.5483
8.3509,1.764
2.9526,6.3151
12.3965,8.0486
4.9207,18.7054
7.5129,13.1741
10.296,9.4072
23.5285,0.2607
2.1984,10.916
3.4131,11.7623
2.3665,12.7795
6.2256,12.3894
2.4843,12.983
4.2603,15.1967
0.4473,8.0303
14.4063,1.4763
4.0538,10.562
6.982,20.3617
7.8877,0.9718
1.4239,1.0407
10.6141,5.8375
2.7645,8.483
1.6067,6.0941
1.405,10.3504
8.2482,5.8195
0.4264,12.748
1.9791,5.9238
1.3906,3.4237
18.3293,11.9421
1.556,4.59
6.333,10.5954
2.475,6.6912
2.0812,8.1235
0.8427,5.8197
12.7504,4.3402
1.5056,6.6261
1.1315,0.9788
1.7568,8.2341
6.6459,22.2592
1.4025,7.4363
0.2905,6.8371
1.8051,4.5712
4.0167,3.3859
0.812,8.496
0.2003,9.0818
24.1763,3.7524
0.5618,10.4486
11.4638,10.2165
14.5869,8.4447
3.232,5.5151
2.7512,5.3398
0.7876,7.4724
0.1455,7.7665
6.8542,11.2411
0.2602,4.4636
2.0064,4.2924
8.9238,10.7427
3.1044,5.3137
0.278,18.4606
8.2596,10.329
1.1577,9.9269
1.6634,7.3273
6.7957,3.8035
1.7695,10.5482
0.5744,14.2648
5.3008,9.6534
3.4476,3.8095
6.4291,0.8889
9.6675,1.7413
3.7864,10.703
3.5731,7.8448
1.515,11.313
10.208,22.6894
5.2321,2.4436
3.8529,18.8843
4.7179,1.8184
3.4701,18.7999
3.3329,9.708
1.072,14.8946
7.5528,7.879
1.7517,3.956
2.3176,13.0979
3.0424,5.1166
3.4891,12.5275
0.6424,10.9743
0.9327,7.8281
2.4912,11.7619
0.6926,4.3431
12.1616,5.6741
3.8296,4.4787
2.2745,8.6062
0.1493,4.5869
1.3094,1.6182
1.6662,5.1131
3.4062,14.684
1.9987,1.8691
0.8115,8.8206
4.6375,3.9626
3.8141,4.4165
2.9267,5.4044
1.6259,2.102
1.5763,8.6343
13.7158,13.2707
3.8989,3.0224
2.0432,2.8135
11.2369,5.5111
4.2027,4.1826
3.4819,17.3573
0.4347,3.5458
8.2592,15.4479
3.1311,18.6161
0.1482,6.9813
2.6754,3.0337
1.1178,12.2642
8.5745,11.2069
1.8888,4.1802
1.7786,5.9582
0.8855,5.4116
4.1104,13.0594
6.0089,6.2043
1.049,6.3483
11.6341,6.3987
0.5345,4.6224
2.4562,13.5565
2.1111,12.0553
1.5477,10.0764
22.895,15.5895
5.3049,10.3114
5.7593,5.7179
0.6521,7.9455
5.2857,5.5356
4.1783,1.8279
2.2731,12.3639
0.509,10.5905
2.186,3.1049
2.7701,15.0177
9.7986,1.3469
1.6478,12.5879
6.0247,2.7274
1.9451,11.7977
3.4489,8.1169
7.0151,9.3346
0.5565,9.082
3.1489,5.0259
9.5078,11.9503
0.1158,19.326
6.1673,12.1156
1.0447,2.8445
0.4431,11.0765
5.3977,8.9832
0.9553,11.142
1.696,2.8912
3.3735,4.368
0.8705,14.8108
13.1279,2.4971
1.8046,22.4566
1.5917,4.1407
11.0849,13.5348
1.6807,10.5774
1.7369,16.8876
11.177,3.8598
27.2291,11.8238
0.3765,12.1922
1.6995,6.6891
0.5837,7.9655
2.4683,3.3437
1.8327,4.5159
1.3359,16.0032
1.0591,6.6474
4.7736,11.8652
16.619,6.2487
2.5577,11.821
3.6987,1.0203
3.7046,6.7502
1.8495,2.9189
0.6628,9.9064
3.9157,6.5569
0.9858,4.5876
2.01,19.5017
2.9497,10.4753
1.5065,4.6377
2.072,9.0231
16.6874,2.501
16.3766,4.5396
3.5827,11.4726
9.658,3.7192
2.474,7.6875
7.1052,3.4479
1.8856,16.4042
1.2311,16.4858
16.2796,6.2939
4.4518,15.7669
3.4841,5.2306
13.9956,1.4076
3.3876,4.7406
14.3052,12.0634
5.0761,12.0232
3.8681,6.2584
7.7928,1.9847
3.2806,1.6144
9.1516,18.2779
1.4297,8.1389
2.5966,10.206
7.0009,14.9683
1.2336,2.8415
3.7429,9.6514
12.2976,5.9719
2.0088,8.6864
1.8228,1.97
3.1537,9.8222
1.3143,10.5164
4.1075,0.6194
8.7351,13.1614
5.1277,28.1703
6.1003,5.0526
1.9455,8.0154
6.469,20.7979
2.5705,4.6004
4.9776,6.0452
13.4989,1.2065
2.5187,12.7737
10.6954,1.5456
3.6002,8.0688
12.3702,3.8588
5.3117,24.2864
0.8388,0.6427
2.5448,11.4096
8.6189,6.146
3.3059,5.34
0.5569,3.6135
0.3783,10.7225
1.0702,8.0516
3.5026,1.9736
17.4,4.3117
2.2191,3.3938
3.3103,2.1923
0.752,2.8614
1.7435,6.3552
3.4836,16.1653
1.9653,2.6964
3.7632,3.8232
1.7337,6.4768
1.6423,7.8454
6.5485,2.7225
9.3788,1.8471
13.9787,4.2953
9.9671,3.9653
8.7106,4.3539
1.7716,10.4779
0.6698,1.9054
1.7863,6.2081
0.7331,19.2679
0.9826,11.591
2.4,13.0319
0.8466,9.323
0.614,5.8866
9.2971,5.0613
3.1056,3.0311
2.0215,1.1528
7.1316,5.4892
6.7856,4.4651
3.161,3.0308
15.8803,11.6564
3.8465,13.82
14.2715,8.8526
3.3962,9.432
11.7195,6.6423
0.527,15.7523
1.7317,13.2065
3.6083,1.5415
0.1223,8.0812
10.393,9.2046
6.6281,2.7248
9.7058,2.5588
0.9315,5.6733
4.7827,4.5684
16.6979,11.5676
4.2967,5.4344
11.4381,4.7363
3.7782,3.7984
3.966,15.0706
3.4796,12.6145
3.3647,6.5724
3.5496,3.7295
3.3299,12.5559
4.3569,12.8539
9.0852,8.3751
2.379,1.3296
8.2562,12.2375
4.9484,20.8597
3.6564,8.0888
0.947,3.3277
1.1227,29.2864
1.7694,1.1649
13.5678,6.136
2.1208,2.7587
10.2539,10.7433
6.69,19.0735
13.55,15.9157
18.607,17.2353
7.9926,9.9375
0.5786,1.5888
2.721,5.2467
2.8917,11.7613
11.8285,5.971
0.6473,5.4236
0.5818,5.2954
13.7516,10.7008
3.7903,8.8899
13.123,20.1768
1.6039,5.9288
1.9099,9.3779
4.5353,1.5493
3.6982,12.7319
2.1649,5.1757
5.8494,5.4686
13.9667,13.5032
6.0395,11.1802
12.0541,3.488
1.8246,13.4893
19.6494,7.3955
2.7346,3.9574
18.0093,14.6227
3.8313,7.7334
1.2582,6.5886
2.4643,5.857
3.2224,3.0125
3.8618,11.5902
3.2061,10.3151
2.7699,5.1035
8.4103,6.1615
9.5635,16.3293
1.9303,3.9574
4.344,12.5098
11.7473,26.5969
2.067,8.806
1.9164,7.4832
3.3915,4.6858
5.1207,11.5945
2.3054,11.22
15.179,8.2192
1.5253,9.6631
0.3333,2.6277
8.2501,7.7826
3.5303,1.0068
2.339,14.0071
7.607,6.6974
2.2711,0.9851
12.2974,7.1857
1.0951,0.3875
8.1318,7.6712
2.45,6.3662
1.6076,15.4149
1.7849,15.4826
1.1215,5.2175
5.455,9.0652
6.3097,0.3126
5.3257,8.0581
2.6316,10.1443
7.376,8.0777
9.821,10.7649
1.0638,17.1193
3.3984,4.5426
17.2339,10.2441
2.9355,11.5884
2.3844,6.3667
1.2584,3.0535
3.0364,6.8885
0.4174,2.1314
1.9514,3.7147
4.9266,5.872
0.3137,6.2615
5.8847,6.625
4.5846,10.4385
2.559,5.0551
0.9198,5.6698
1.3239,11.8799
8.0357,4.7545
3.2649,4.8653
3.4642,3.947
5.1133,18.0888
7.3957,8.1436
1.7536,6.2049
5.5407,2.0618
0.148,2.6749
3.4562,9.0086
1.7712,14.7252
1.5277,6.6821
1.0217,16.9212
10.8505,12.6166
11.1469,4.0316
11.0928,9.4454
1.7384,11.7327
1.1937,6.5494
7.9303,5.3292
2.6481,5.2113
9.626,12.1714
6.1406,9.8292
3.2912,10.9059
8.6867,8.1966
7.4962,20.5502
5.2204,5.3671
11.4311,4.7448
9.7918,4.3472
8.7128,5.6835
2.9522,11.6083
4.0075,8.3594
7.9746,8.7799
12.3008,7.4209
5.7771,8.7127
0.6689,5.0756
6.0187,3.9087
0.7301,0.2666
5.0934,4.6646
10.3398,23.7729
5.184,37.2664
18.0614,8.2208
0.9994,19.3883
7.4234,18.6899
2.4398,2.2764
7.5683,12.1186
1.3159,16.6358
3.4582,3.182
2.3157,5.027
1.7383,2.3607
2.1451,14.2925
3.0765,9.3336
2.8631,3.4068
4.5999,1.7845
0.2414,25.8399
0.5858,4.3897
4.1527,8.6913
1.076,5.59
3.2514,1.5431
0.3624,2.9184
5.2488,14.1828
0.7628,4.3977
2.8255,6.2172
0.8514,1.9137
2.3993,10.235
10.1788,19.0106
8.2166,11.6727
5.15,2.4396
23.8264,7.2314
1.529,17.7378
0.6908,6.0263
28.7215,1.8548
4.5981,7.7174
0.6251,10.5021
3.2306,8.3929
11.4489,9.8528
5.9028,9.4892
2.4216,4.765
1.1648,7.2008
1.8672,3.7936
1.1429,9.9959
0.2491,5.8715
3.2358,9.4049
7.079,16.1696
6.9426,15.1777
15.3544,15.3545
2.3638,8.0851
5.95,5.2164
9.457,3.5842
1.4436,2.1837
6.9498,4.7063
3.25,6.1358
4.2035,5.0138
3.0199,1.6657
3.1712,5.6789
10.0774,0.3642
4.787,15.2838
0.7081,8.165
1.9364,25.04
0.9482,6.0717
2.8608,8.8252
7.1942,6.6489
18.2412,8.6441
1.8922,12.0296
0.3565,6.2412
10.4819,17.6523
7.2645,34.7715
3.3118,7.374
5.0677,4.9941
3.9288,4.1484
3.0854,18.5963
6.2162,2.6941
4.8573,6.8998
6.4016,14.3955
6.1379,20.8223
0.8365,18.7414
1.2488,17.1727
8.1285,4.0775
2.186,4.2069
0.9549,26.0687
0.6117,20.5331
5.4769,19.7947
6.4488,11.9867
2.9005,13.7965
5.1774,4.3728
3.4832,16.686
5.0754,11.3004
