valeur_tpi,zone_y_n
0,1
0.3274,1
0,1
0.1937,1
0.2261,1
0.1696,1
0,1
0.1123,1
0,1
0,1
0,1
0.0742,1
0.1248,1
0,1
0.3072,1
0.1501,1
0,1
0,1
0,1
0,1
0.2861,1
0,1
0.0688,1
0,1
0,1
0,1
0,1
0,1
0,1
0,1
0.438,1
0,1
0.1009,1
0,1
0,1
0.1262,1
0,1
0,1
0,1
0,1
0,1
0,1
0.0714,1
0,1
0,1
0.0197,1
0.1679,1
0,1
0.0423,1
0,1
0,1
0,1
0,1
0,1
0,1
0,1
0,1
0,1
0,1
0.1172,1
0,1
0,1
0,1
0,1
0,1
0,1
0,1
0,1
0,1
0,1
0,1
0,1
0,1
0,1
0,1
0,1
0.0468,1
0,1
0,1
0,1
0.0758,1
0.341,1
0,1
0.107,1
0,1
0,1
0.1109,1
0,1
0.0307,1
0,1
0.0079,1
0,1
0,1
0,1
0,1
0,1
0,1
0.2013,1
0.0791,1
0,1
0,1
0,1
0,1
0,1
0.004,1
0.0034,1
0,1
0.1294,1
0,1
0.0259,1
0.1055,1
0,1
0.0185,1
0,1
0,1
0,1
0,1
0,1
0.0188,1
0,1
0.0759,1
0,1
0,1
0.0169,1
0.0554,1
0,1
0,1
0.0247,1
0,1
0,1
0,1
0.0026,1
0,1
0,1
0.3295,1
0,1
0,1
0,1
0,1
0,1
0,1
0,1
0.0496,1
0,1
0.0489,1
0,1
0.0486,1
0,1
0,1
0,1
0.6122,1
0,1
0,1
0.2273,1
0.0544,1
0,1
0.0697,1
0,1
0,1
0.0477,1
0,1
0,1
0,1
0,1
0,1
0.0523,1
0.0404,1
0,1
0.0517,1
0.1813,1
0.1463,1
0,1
0,1
0.0515,1
0,1
0.2999,1
0,1
0,1
0,1
0,1
0,1
0,1
0.1921,1
0.0179,1
0,1
0.0371,1
0,1
0,1
0,1
0,1
0,1
0.0201,1
0.2404,1
0.239,1
0,1
0,1
0,1
0,1
0.0563,1
0.148,1
0,1
0,1
0,1
0,1
0,1
0,1
0,1
0,1
0,1
0.5512,1
0,1
0,1
0.6577,1
0.6342,1
0.0085,1
0,1
0,1
0,1
0.0819,1
0.5944,1
0,1
0,1
0,1
0.0435,1
0,1
0.5303,1
0.1201,1
0.3622,1
0.2039,1
0,1
0,1
0,1
0.0279,1
0,1
0,1
0,1
0.2064,1
0,1
0,1
0,1
0,1
0,1
0.0554,1
0,1
0.0841,1
0.3569,1
0.1617,1
0.1795,1
0,1
0.0212,1
0.136,1
0,1
0,1
0,1
0,1
0.1407,1
0.5692,1
0.1671,1
0.1976,1
0.1196,1
0,1
0,1
0,1
0,1
0.0372,1
0,1
0,1
0,1
0.0444,1
0,1
0,1
0,1
0,1
0,1
0,1
0.0866,1
0.1241,1
0,1
0,1
0.1007,1
0.0682,1
0.5936,1
0,1
0.0087,1
0,1
0.4249,1
0.6057,1
0,1
0,1
0.1575,1
0.5085,1
0,1
0.0909,1
0.2248,1
0.0014,1
0.326,1
0.1868,1
0.6591,1
0,1
0.094,1
0,1
0,1
0.0747,1
0.1974,1
0,1
0,1
0.3502,1
0,1
0,1
0.5272,1
0.0086,1
0,1
0,1
0,1
0.6236,1
0,1
0.3464,1
0.1322,1
0.0104,1
0,1
0.6584,1
0,1
0.1069,1
0.8213,1
0.0248,1
0,1
0.7167,1
0.0488,1
0,1
0.1138,1
0,1
0.3876,1
0.2283,1
0,1
0.1326,1
0,1
0,1
0,1
0.7681,1
0,1
0.3739,1
0.0788,1
0.0332,1
0.1104,1
0.3662,1
0,1
0.0269,1
0.2813,1
0.2061,1
0,1
0,1
0.0412,1
0,1
0,1
0.0136,1
0,1
0.2853,1
0.7561,1
0.2142,1
0,1
0,1
0,1
0.5713,1
0,1
0,1
0,1
0.2318,1
0,1
0.2111,1
0,1
0.1782,1
0,1
0.0132,1
0.1502,1
0,1
0.6153,1
0,1
0,1
0,1
0.2472,1
0,1
0.1349,1
0.0009,1
0,1
0,1
0,1
0.0916,1
0,1
0,1
0,1
0.0279,1
0,1
0,1
0,1
0.2119,1
0,1
0,1
0,1
0,1
0.1483,1
0.1192,1
0,1
0,1
0,1
0,1
0,1
0.0763,1
0.39,1
0,1
0,1
0,1
0.0062,1
0.3012,1
0.1478,1
0,1
0.2435,1
0.5054,1
0,1
0,1
0,1
0,1
0,1
0.3305,1
0,1
0.3478,1
0,1
0,1
0.0194,1
0,1
0,1
0,1
0.1123,1
0.0262,1
0,1
0,1
0.1894,1
0.3801,1
0,1
0,1
0,1
0.3104,1
0,1
0,1
0,1
0,1
0,1
0,1
0,1
0,1
0,1
0,1
0.1062,1
0,1
0,1
0,1
0,1
0,1
0,1
0,1
0.0122,1
0,1
0.2111,1
0,1
0.0957,1
0,1
0.123,1
0,1
0.0129,1
0,1
0.0459,1
0,1
0.1437,1
0,1
0.0736,1
0.0255,1
0.1153,1
0,1
0,1
0,1
0,1
0.2161,1
0.1596,1
0,1
0,1
0,1
0,1
0,1
0,1
0,1
0.2129,1
0,1
0,1
0,1
0,1
0,1
0,1
0,1
0.1083,1
0,1
0,1
0.3353,1
0,1
0,1
0,1
0,1
0,1
0,1
0,1
0,1
0,1
0,1
0,1
0,1
0.9264,1
0.0416,1
0,1
0,1
0.0107,1
0.1832,1
0.411,1
0,1
0.5014,1
0,1
0,1
0,1
0.0869,1
0.5663,1
0.1706,1
0,1
0.7678,1
0.3851,1
0,1
0,1
0.0301,1
0,1
0.3491,1
0,1
0,1
0.0273,1
0.0617,1
0.0458,1
0,1
0.2502,1
0,1
0,1
0,1
0.0569,1
0,1
0,1
0.7023,1
0,1
0,1
0,1
0,1
0,1
0.0567,1
0,1
0,1
0,1
0.0115,1
0.7233,1
0,1
0.0216,1
0,1
0,1
0,1
0,1
0,1
0,1
0,1
0,1
0.6997,1
0.1384,1
0,1
0,1
0,1
0,1
0.3339,1
0,1
0,1
0,1
0,1
0,1
0,1
0,1
0.1276,1
0,1
0.1031,1
0,1
0,1
0,1
0,1
0.3716,1
0,1
0.4582,1
0.0384,1
0.0474,1
0,1
0.0541,1
0,1
0,1
0,1
0.1088,1
0.003,1
0,1
0.0728,1
0,1
0.0824,1
0.0119,1
0,1
0,1
0,1
0.3411,1
0,1
0.1483,1
0.1142,1
0,1
0,1
0.0716,1
0,1
0.1963,1
0.21,1
0,1
0,1
0.0421,1
0,1
0,1
0.0927,1
0.2351,1
0,1
0.1849,1
0.1459,1
0.0684,1
0.2323,1
0,1
0.1649,1
0,1
0,1
0,1
0,1
0.0215,1
0,1
0,1
0,1
0.2067,1
0,1
0.1756,1
0.0477,1
0.6316,1
0,1
0,1
0,1
0,1
0.1307,1
0,1
0,1
0.6307,1
0,1
0,1
0,1
0.2181,1
0,1
0.0488,1
0,1
0,1
0.2399,1
0,1
0,1
0.107,1
0,1
0,1
0,1
0,1
0.4978,1
0,1
0,1
0,1
0,1
0,1
0.3679,1
0,1
0,1
0.3677,1
0,1
0.4258,1
0.2332,1
0.0299,1
0.1864,1
0.1583,1
0,1
0.4093,1
0.0014,1
0.0412,1
0,1
0,1
0,1
0.2997,1
0.161,1
0,1
0.0252,1
0.069,1
0,1
0.0303,1
0.0282,1
0.3277,1
0,1
0.293,1
0.0903,1
0.277,1
0,1
0.0042,1
0,1
0.1866,1
0.1242,1
0,1
0,1
0,1
0.0825,1
0,1
0.6026,1
0.0499,1
0.5935,1
0.6714,1
0.1961,1
0,1
0,1
0.0319,1
0,1
0.0322,1
0,1
0,1
0,1
0.0645,1
0.0818,1
0,1
0,1
0,1
0.3706,1
0,1
0.1786,1
0,1
0,1
0,1
0.0052,1
0.2801,1
0,1
0.0068,1
0.4023,1
0.29,1
0,1
0.0031,1
0.0556,1
0,1
0.0341,1
0,1
0.0069,1
0,1
0,1
0,1
0.179,1
0.5261,1
0,1
0,1
0,1
0,1
0,1
0.2862,1
0.0657,1
0.2122,1
0,1
0.0351,1
0,1
0.171,1
0.0057,1
0,1
0.1569,1
0,1
0,1
0,1
0.2528,1
0.1108,1
0.0633,1
0,1
0,1
0,1
0,1
0,1
0,1
0.2773,1
0,1
0.3117,1
0.1981,1
0,1
0.3245,1
0,1
0.3231,1
0.3402,1
0,1
0,1
0.0904,1
0,1
0,1
0,1
0,1
0,1
0,1
0.0729,1
0.2179,1
0,1
0,1
0.0461,1
0,1
0,1
0,1
0,1
0,1
0,1
0.6769,1
0,1
0,1
0,1
0,1
0,1
0.6533,1
0,1
0,1
0,1
0.0176,1
0,1
0,1
0,1
0,1
0,1
0,1
0,1
0,1
0.1764,1
0.459,1
0,1
0,1
0.2002,1
0.4069,1
0.429,1
0.5066,1
0.3153,1
0.2137,1
0,1
0.4047,1
0,1
0,1
0.4604,1
0,1
0.6845,1
0.4559,1
0,1
0.8391,1
0,1
0,1
0.5821,1
0,1
0.4775,1
0.6088,1
0,1
0,1
0.4043,1
0.072,1
0.1558,1
0.0716,1
0.5772,1
0,1
0.1905,1
0,1
0,1
0.1409,1
0.4997,1
0,1
0.1888,1
0,1
0,1
0,1
0,1
0,1
0.5358,1
0.1672,1
0,1
0.4917,1
0,1
0.3143,1
0,1
0.6745,1
0,1
0.8106,1
0.0556,1
0,1
0,1
0.0186,1
0,1
0,1
0.157,1
0.0989,1
0.101,1
0.0738,1
0.7471,1
0,1
0.1734,1
0.0648,1
0.3323,1
0,1
0.1911,1
0.2318,1
0.058,1
0.1472,1
0.1965,1
0.8164,1
0.0073,1
0.3079,1
0.006,1
0,1
0.1694,1
0,1
0,1
0.149,1
0.3625,1
0,1
0,1
0,1
0,1
0,1
0.1673,1
0.0785,1
0,1
0.6882,1
0,1
0,1
0,1
0.6761,1
0.5742,1
0,1
0,1
0,1
0.4025,1
0,1
0.649,1
0,1
0,1
0,1
0.3084,1
0,1
0.3347,1
0,1
0,1
0,1
0,1
0,1
0,1
0,1
0,1
0,1
0.1363,1
0,1
0,1
0.3842,1
0.0142,1
0.1739,1
0,1
0.1419,1
0,1
0.1363,1
0,1
0,1
0.147,1
0,1
0,1
0.1139,1
0.7963,1
0,1
0,1
0,1
0.1186,1
0,1
0.6977,1
0,1
0,1
0.7225,1
0.2838,1
0.2104,1
0,1
0.4656,1
0,1
0.0129,1
0.0896,1
0.1936,1
0,1
0,1
0,1
0.1857,1
0,1
0.8418,1
0.5324,1
0.0301,1
0,1
0,1
0.0132,1
0.1065,1
0,1
0,1
0,1
0,1
0,1
0,1
0.0936,1
0,1
0.0465,1
0.2713,1
0,1
0,1
0,1
0.3982,1
0,1
0.9031,1
0,1
0,1
0,1
0,1
0.0022,1
0,1
0.1748,1
0.2162,1
0,1
0.0016,1
0.0022,1
0.1675,1
0.1798,1
0,1
0,1
0,1
0,1
0.0401,1
0,1
0,1
0.3631,1
0,1
0,1
0,1
0,1
0,1
0.0766,1
0.143,1
0.6319,1
0.1395,1
0,1
0,1
0,1
0,1
0,1
0,1
0.1526,1
0.6775,1
0.0393,1
0,1
0.1431,1
0,1
0.1047,1
0.3024,1
0,1
0.0549,1
0,1
0.058,1
0,1
0,1
0,1
0,1
0,1
0.1288,1
0,1
0.1039,1
0,1
0.1037,1
0,1
0.2204,1
0,1
0,1
0.023,1
0,1
0.2025,1
0,1
0,1
0.0515,1
0,1
0,1
0,1
0,1
0,1
0,1
0.1451,1
0.0364,1
0,1
0.03,1
0,1
0.9198,1
0,1
0.4787,1
0,1
0,1
0.2221,1
0.067,1
0,1
0,1
0.2778,1
0.1996,1
0,1
0,1
0.2698,1
0.0395,1
0,1
0,1
0,1
0,1
0,1
0.1331,1
0.3643,1
0.5742,1
0.3614,1
0,1
0.0064,1
0.3693,1
0,1
0,1
0,1
0,1
0.1056,1
0,1
0.0305,1
0,1
0,1
0.2908,1
0,1
0,1
0.0142,1
0,1
0.2519,1
0,1
0.2029,1
0,1
0.093,1
0.0997,1
0.1129,1
0,1
0,1
0.1089,1
0,1
0,1
0.0626,1
0,1
0.1001,1
0.1149,1
0.0835,1
0,1
0,1
0.3871,1
0,1
0,1
0,1
0.1025,1
0,1
0,1
0.0215,1
0,1
0.139,1
0.1357,1
0,1
0,1
0,1
0.2458,1
0.0218,1
0,1
0.112,1
0,1
0.5501,1
0.4136,1
0,1
0,1
0,1
0.169,1
0.0884,1
0.3287,1
0,1
0,1
0,1
0.1079,1
0,1
0.0151,1
0.1467,1
0,1
0.3166,1
0,1
0.0289,1
0,1
0,1
0,1
0.1338,1
0,1
0,1
0,1
0,1
0,1
0.4711,1
0,1
0,1
0,1
0,1
0,1
0,1
0.1771,1
0.4245,1
0.06,1
0,1
0.0627,1
0,1
0,1
0.2949,1
0,1
0,1
0.0913,1
0.1245,1
0,1
0,1
0.1626,1
0.092,1
0.3263,1
0.2134,1
0.1712,1
0,1
0,1
0.078,1
0.1025,1
0.619,1
0,1
0.0034,1
0,1
0.0282,1
0.0249,1
0,1
0.0636,1
0.1269,1
0,1
0.1157,1
0,1
0,1
0.3832,1
0,1
0,1
0,1
0,1
0,1
0,1
0.1233,1
0.2973,1
0,1
0,1
0.4398,1
0,1
0.1477,1
0,1
0.251,1
0,1
0,1
0,1
0.8227,1
0.0695,1
0,1
0.1635,1
0.0019,1
0.4441,1
0,1
0,1
0.2294,1
0,1
0.4179,1
0,1
0,1
0.1754,1
0,1
0.1135,1
0,1
0,1
0.1446,1
0.0325,1
0.0051,1
0,1
0.0739,1
0,1
0,1
0,1
0,1
0.0754,1
0.118,1
0,1
0,1
0.1051,1
0,1
0,1
0,1
0.0796,1
0,1
0.0457,1
0,1
0,1
0.0615,1
0.6528,1
0,1
0,1
0,1
0.2138,1
0.0194,1
0,1
0.0361,1
0,1
0.0071,1
0,1
0,1
0.0521,1
0.2847,1
0,1
0.0844,1
0,1
0,1
0,1
0,1
0,1
0,1
0,1
0,1
0,1
0,1
0.2856,1
0,1
0,1
0,1
0,1
0,1
0.1007,1
0,1
0,1
0,1
0,1
0,1
0,1
0.0835,1
0,1
0.0699,1
0,1
0,1
0.0404,1
0,1
0,1
0.1797,1
0.0633,1
0,1
0.0458,1
0,1
0.0426,1
0.0685,1
0.2792,1
0,1
0,1
0,1
0,1
0.0837,1
0.1298,1
0,1
0,1
0,1
0,1
0,1
0.0828,1
0.0046,1
0,1
0.0079,1
0,1
0.0005,1
0.6601,1
0.0054,1
0,1
0,1
0.0468,1
0,1
0.089,1
0,1
0.0214,1
0,1
0,1
0,1
0,1
0,1
0,1
0.0476,1
0.1621,1
0.0518,1
0.0799,1
0,1
0,1
0,1
0,1
0.0918,1
0,1
0,1
0,1
0.3789,1
0,1
0,1
0,1
0.0165,1
0,1
0,1
0.0682,1
0,1
0,1
0,1
0.1623,1
0.7321,1
0,1
0,1
0.2265,1
0,1
0.2277,1
0.6466,1
0.0679,1
0,1
0,1
0.2891,1
0,1
0,1
0,1
0,1
0,1
0,1
0,1
0,1
0.0008,1
0.275,1
0,1
0,1
0,1
0,1
0,1
0.3813,1
0,1
0.0666,1
0,1
0,1
0,1
0.0393,1
0.0205,1
0.0376,1
0,1
0,1
0,1
0,1
0,1
0,1
0.0284,1
0,1
0,1
0.0405,1
0.0732,1
0.2751,1
0,1
0.2611,1
0,1
0,1
0.1781,1
0.0683,1
0,1
0.1754,1
0,1
0.08,1
0,1
0,1
0.3357,1
0,1
0.0324,1
0.4687,1
0,1
0,1
0,1
0.275,1
0,1
0,1
0,1
0.2411,1
0,1
0.0386,1
0.0373,1
0,1
0,1
0,1
0,1
0.1906,1
0,1
0,1
0,1
0,1
0,1
0.1556,1
0,1
0.0838,1
0.0778,1
0,1
0,1
0,1
0,1
0.0055,1
0.0263,1
0,1
0,1
0,1
0,1
0.0127,1
0.1809,1
0.3679,1
0,1
0.0348,1
0,1
0,1
0,1
0,1
0,1
0.3051,1
0,1
0,1
0.0543,1
0,1
0,1
0,1
0,1
0,1
0,1
0,1
0,1
0,1
0,1
0.0814,1
0,1
0,1
0.0278,1
0.0686,1
0,1
0,1
0,1
0.1724,1
0.1799,1
0,1
0,1
0,1
0.1085,1
0,1
0.4421,1
0,1
0.0513,1
0,1
0.1794,1
0,1
0.358,1
0.0544,1
0,1
0,1
0.1615,1
0.4255,1
0,1
0,1
0,1
0.1022,1
0.1251,1
0,1
0,1
0.0669,1
0.0608,1
0,1
0,1
0,1
0,1
0.2055,1
0.5527,1
0.0884,1
0,1
0,1
0,1
0.0475,1
0,1
0,1
0.1577,1
0.1683,1
0,1
0.1597,1
0,1
0.3961,1
0.1458,1
0,1
0,1
0,1
0,1
0.4803,1
0,1
0.2621,1
0,1
0.041,1
0.2691,1
0,1
0,1
0,1
0,1
0,1
0,1
0,1
0,1
0.2637,1
0,1
0,1
0,1
0,1
0,1
0.7516,1
0,1
0,1
0,1
0,1
0,1
0,1
0.2677,1
0,1
0.0059,1
0,1
0,1
0,1
0.0386,1
0.116,1
0,1
0,1
0,1
0,1
0.1821,1
0,1
0,1
0.0043,1
0.0023,1
0.0117,1
0,1
0.3624,1
0.5482,1
0,1
0,1
0,1
0,1
0.0121,1
0.5746,1
0,1
0.0176,1
0,1
0,1
0,1
0.1518,1
0,1
0,1
0,1
0.0496,1
0,1
0,1
0,1
0.0594,1
0,1
0,1
0.0174,1
0.0209,1
0,1
0,1
0,1
0,1
0,1
0,1
0,1
0.1495,1
0.1478,1
0,1
0,1
0,1
0,1
0,1
0,1
0,1
0,1
0.2384,1
0.0997,1
0,1
0,1
0,1
0,1
0,1
0,1
0.0899,1
0.3052,1
0.3643,1
0,1
0,1
0.0694,1
0,1
0.0495,1
0,1
0,1
0.1129,1
0,1
0,1
0,1
0.0933,1
0,1
0.014,1
0.016,1
0,1
0.0072,1
0,1
0.0553,1
0,1
0,1
0,1
0,1
0,1
0,1
0,1
0,1
0,1
0,1
0,1
0.2608,1
0,1
0,1
0.3317,1
0,1
0,1
0.1604,1
0.0607,1
0,1
0.0578,1
0,1
0,1
0.3802,1
0,1
0,1
0.2454,1
0,1
0,1
0,1
0,1
0,1
0.065,1
0,1
0,1
0.1714,1
0,1
0,1
0,1
0,1
0.0289,1
0,1
0.3371,1
0,1
0,1
0,1
0,1
0,1
0,1
0,1
0.4011,1
0,1
0,1
0.4442,1
0,1
0.3268,1
0,1
0.1317,1
0,1
0,1
0,1
0.007,1
0,1
0,1
0.6493,1
0,1
0.0029,1
0,1
0,1
0.0944,1
0.5236,1
0,1
0,1
0.1089,1
0,1
0,1
0,1
0,1
0,1
0,1
0,1
0,1
0,1
0,1
0,1
0,1
0.0003,1
0.0282,1
0,1
0,1
0,1
0,1
0,1
0,1
0,1
0,1
0,1
0,1
0.2696,1
0,1
0,1
0,1
0,1
0,1
0.1038,1
0.2466,1
0,1
0.0796,1
0.1087,1
0,1
0,1
0.5335,1
0.4571,1
0,1
0,1
0,1
0,1
0,1
0,1
0.5011,1
0,1
0.1531,1
0,1
0.0529,1
0.0157,1
0,1
0,1
0.0196,1
0,1
0.1075,1
0,1
0,1
0,1
0,1
0,1
0,1
0,1
0.5511,1
0.3352,1
0.6275,1
0,1
0.4262,1
0,1
0.0087,1
0.7347,1
0,1
0.7593,1
0.0346,1
0,1
0,1
0,1
0.1556,1
0,1
0,1
0,1
0.0006,1
0,1
0.0917,1
0,1
0.0778,1
0,1
0,1
0,1
0.1759,1
0,1
0.0367,1
0,1
0,1
0,1
0,1
0.0134,1
0,1
0.7074,1
0.2322,1
0.0316,1
0.0019,1
0,1
0.4063,1
0,1
0,1
0.1344,1
0.2229,1
0.1204,1
0,1
0,1
0,1
0,1
0,1
0,1
0,1
0.0715,1
0,1
0.2839,1
0,1
0.1201,1
0.0001,1
0.3405,1
0,1
0,1
0,1
0.1367,1
0,1
0,1
0.4896,1
0,1
0.515,1
0,1
0,1
0,1
0.0427,1
0,1
0,1
0,1
0.168,1
0.2042,1
0,1
0.0229,1
0.1571,1
0,1
0,1
0,1
0.1965,1
0,1
0,1
0.1747,1
0.191,1
0,1
0.0593,1
0.4713,1
0,1
0,1
0,1
0.6095,1
0.0886,1
0.437,1
0,1
0.4316,1
0.2003,1
0,1
0,1
0.1594,1
0.0692,1
0,1
0,1
0,1
0,1
0,1
0,1
0,1
0,1
0,1
0,1
0,1
0,1
0,1
0.0737,1
0,1
0.1543,1
0,1
0,1
0.3125,1
0.2971,1
0,1
0.1104,1
0.0643,1
0,1
0.1975,1
0.0684,1
0.3294,1
0.0003,1
0.0694,1
0,1
0,1
0,1
0.5674,1
0.4868,1
0,1
0,1
0,1
0,0
0,0
0,0
0,0
0,0
0,0
0.1576,0
0,0
0,0
0.0203,0
0.1706,0
0.0204,0
0.0558,0
0,0
0.0043,0
0,0
0.0078,0
0,0
0,0
0.0786,0
0,0
0.0087,0
0.0825,0
0.0667,0
0,0
0.1953,0
0.2017,0
0.4704,0
0.023,0
0,0
0.0968,0
0.7243,0
0,0
0,0
0,0
0.0616,0
0.0986,0
0,0
0,0
0.04,0
0,0
0,0
0.0981,0
0.0187,0
0,0
0,0
0.2135,0
0.0243,0
0,0
0.6247,0
0,0
0,0
0,0
0.029,0
0.0642,0
0,0
0,0
0,0
0,0
0.0826,0
0.0218,0
0.0183,0
0.2176,0
0.0723,0
0,0
0,0
0,0
0,0
0,0
0,0
0,0
0,0
0,0
0.0887,0
0,0
0,0
0.0709,0
0.0502,0
0.0383,0
0,0
0.2377,0
0,0
0.0072,0
0.0535,0
0,0
0,0
0,0
0,0
0.0873,0
0,0
0,0
0.0779,0
0,0
0.0743,0
0,0
0.0519,0
0,0
0.0973,0
0.4437,0
0.0203,0
0,0
0,0
0.243,0
0,0
0.056,0
0.6979,0
0.273,0
0.052,0
0,0
0.0361,0
0.0209,0
0.2007,0
0,0
0.0612,0
0,0
0,0
0.1462,0
0,0
0.0653,0
0,0
0.0036,0
0,0
0,0
0,0
0,0
0,0
0,0
0,0
0.1657,0
0.0756,0
0,0
0.033,0
0.0476,0
0.1249,0
0.0077,0
0,0
0,0
0.2366,0
0,0
0.1627,0
0,0
0,0
0.0146,0
0,0
0.0843,0
0,0
0,0
0.0063,0
0,0
0,0
0,0
0,0
0,0
0.0565,0
0.6412,0
0.1032,0
0,0
0.0873,0
0,0
0.0369,0
0.8494,0
0,0
0.0404,0
0,0
0.128,0
0.0062,0
0,0
0.0396,0
0,0
0.1982,0
0,0
0,0
0,0
0.0062,0
0.1126,0
0,0
0,0
0.4168,0
0,0
0,0
0,0
0.0452,0
0.0622,0
0.1296,0
0.0337,0
0,0
0,0
0,0
0.0111,0
0.1599,0
0.3964,0
0,0
0.0944,0
0,0
0.1221,0
0.02,0
0.3716,0
0,0
0.0144,0
0,0
0.1075,0
0.0282,0
0,0
0,0
0,0
0,0
0.0351,0
0.1451,0
0,0
0,0
0,0
0,0
0,0
0.0187,0
0,0
0,0
0,0
0,0
0.1986,0
0,0
0,0
0.0129,0
0.0027,0
0.1333,0
0,0
0,0
0,0
0,0
0,0
0,0
0,0
0,0
0,0
0.039,0
0.208,0
0.0981,0
0,0
0,0
0.0042,0
0,0
0,0
0.0963,0
0.4182,0
0,0
0.3976,0
0,0
0,0
0,0
0,0
0.042,0
0.2013,0
0.0801,0
0,0
0,0
0,0
0.8428,0
0,0
0.1525,0
0,0
0,0
0,0
0.1719,0
0,0
0.0183,0
0,0
0,0
0,0
0,0
0,0
0.0442,0
0.11,0
0,0
0,0
0,0
0,0
0.4805,0
0.1396,0
0,0
0,0
0,0
0.0161,0
0,0
0,0
0,0
0,0
0,0
0,0
0,0
0,0
0,0
0,0
0,0
0,0
0.3147,0
0,0
0.0712,0
0.0717,0
0,0
0.0595,0
0.0409,0
0.1194,0
0.1821,0
0.0262,0
0,0
0,0
0,0
0,0
0,0
0.0219,0
0,0
0,0
0.0583,0
0,0
0.1526,0
0.4353,0
0,0
0.4305,0
0.1519,0
0.1982,0
0,0
0.3755,0
0,0
0,0
0,0
0,0
0,0
0,0
0.1062,0
0.0201,0
0.1234,0
0,0
0,0
0.0898,0
0,0
0,0
0.0698,0
0,0
0,0
0.0693,0
0,0
0.4109,0
0,0
0.0983,0
0,0
0,0
0,0
0.3083,0
0,0
0,0
0.1051,0
0,0
0,0
0.0893,0
0.0058,0
0,0
0.0481,0
0,0
0.1118,0
0.0664,0
0.2101,0
0,0
0.1969,0
0,0
0.2289,0
0,0
0,0
0,0
0,0
0,0
0.0828,0
0.1687,0
0,0
0,0
0,0
0.2011,0
0,0
0,0
0.0196,0
0.1201,0
0.0178,0
0.351,0
0.0111,0
0.6117,0
0.133,0
0,0
0,0
0,0
0.176,0
0.0166,0
0.1615,0
0.1011,0
0,0
0,0
0.0049,0
0.5259,0
0,0
0,0
0.2387,0
0.0956,0
0.2158,0
0,0
0,0
0.0476,0
0.1835,0
0.0227,0
0.0315,0
0.184,0
0.0246,0
0.0286,0
0,0
0.1298,0
0.0676,0
0.2273,0
0,0
0.0816,0
0.2294,0
0,0
0.0307,0
0,0
0,0
0.03,0
0.0105,0
0.0448,0
0,0
0.1246,0
0,0
0.0109,0
0.1303,0
0,0
0,0
0,0
0.2774,0
0,0
0.06,0
0,0
0.6733,0
0.2802,0
0,0
0,0
0.0176,0
0,0
0.0082,0
0,0
0,0
0,0
0,0
0.0951,0
0.0437,0
0.0496,0
0.1509,0
0.0883,0
0.0454,0
0,0
0.5379,0
0,0
0,0
0,0
0,0
0.2272,0
0.017,0
0.0711,0
0,0
0.0745,0
0.0842,0
0.2218,0
0,0
0,0
0,0
0,0
0.0843,0
0,0
0.1072,0
0.4756,0
0,0
0.0656,0
0,0
0.0865,0
0,0
0,0
0.1738,0
0,0
0.0734,0
0,0
0,0
0,0
0.0683,0
0,0
0,0
0,0
0,0
0.2091,0
0,0
0,0
0.0499,0
0,0
0.1692,0
0.0166,0
0,0
0.0222,0
0.3451,0
0,0
0.1091,0
0.2397,0
0,0
0.0345,0
0.0271,0
0.0979,0
0,0
0,0
0.2356,0
0.4311,0
0.2836,0
0,0
0,0
0.1244,0
0,0
0,0
0,0
0.1007,0
0.0268,0
0.012,0
0,0
0,0
0,0
0,0
0,0
0,0
0.0527,0
0.0992,0
0,0
0,0
0,0
0.0534,0
0,0
0,0
0.3481,0
0.3305,0
0.0937,0
0,0
0.2631,0
0,0
0,0
0,0
0,0
0,0
0,0
0.4689,0
0,0
0.0182,0
0,0
0,0
0.1378,0
0,0
0.0824,0
0,0
0.0517,0
0.0136,0
0.2142,0
0,0
0,0
0.0206,0
0,0
0,0
0,0
0.2446,0
0.0827,0
0,0
0,0
0,0
0.1622,0
0,0
0,0
0.2926,0
0,0
0,0
0.0971,0
0,0
0.0096,0
0,0
0,0
0.0177,0
0,0
0,0
0,0
0.0274,0
0.1211,0
0.3625,0
0.5281,0
0,0
0.0852,0
0.0762,0
0.2176,0
0,0
0.1092,0
0,0
0,0
0,0
0,0
0,0
0.1917,0
0,0
0.0658,0
0.0745,0
0.3197,0
0.049,0
0,0
0.0753,0
0.0503,0
0,0
0,0
0,0
0,0
0,0
0.3121,0
0,0
0,0
0.4636,0
0,0
0.0048,0
0.0496,0
0,0
0,0
0,0
0,0
0.0129,0
0.2577,0
0,0
0.0297,0
0,0
0,0
0.0468,0
0,0
0.0229,0
0,0
0,0
0.2113,0
0.0445,0
0.0137,0
0.0155,0
0.0469,0
0.0197,0
0,0
0.0042,0
0,0
0.0078,0
0,0
0,0
0,0
0.0126,0
0,0
0.0248,0
0,0
0.146,0
0.5223,0
0.4979,0
0.0327,0
0,0
0,0
0,0
0.4806,0
0,0
0,0
0,0
0,0
0.0459,0
0,0
0.1218,0
0.2816,0
0,0
0,0
0,0
0,0
0,0
0,0
0.1333,0
0,0
0,0
0.0521,0
0,0
0,0
0.0282,0
0,0
0,0
0,0
0,0
0,0
0.801,0
0,0
0.0579,0
0,0
0,0
0.237,0
0,0
0.1664,0
0,0
0.1378,0
0.0597,0
0,0
0,0
0,0
0.3905,0
0.0628,0
0.0811,0
0.7118,0
0.0418,0
0.2464,0
0.101,0
0,0
0.0587,0
0,0
0.1513,0
0,0
0,0
0,0
0,0
0,0
0.0719,0
0,0
0,0
0,0
0,0
0,0
0,0
0.0414,0
0,0
0.1511,0
0.1737,0
0,0
0.1298,0
0.2031,0
0.0819,0
0,0
0,0
0,0
0,0
0.0341,0
0,0
0,0
0.0228,0
0.0334,0
0.1842,0
0,0
0.0432,0
0,0
0,0
0.0412,0
0.2081,0
0,0
0,0
0,0
0.0825,0
0,0
0.0936,0
0.0667,0
0.009,0
0.4292,0
0.0062,0
0,0
0,0
0,0
0,0
0.0271,0
0,0
0,0
0,0
0.4642,0
0,0
0,0
0,0
0.0574,0
0,0
0.1966,0
0,0
0.1122,0
0,0
0.1023,0
0.3059,0
0.0545,0
0.0854,0
0.2124,0
0.3243,0
0.3948,0
0.2347,0
0.0333,0
0,0
0,0
0.0708,0
0.0143,0
0.7089,0
0,0
0.7189,0
0,0
0.1083,0
0,0
0.2707,0
0.1284,0
0,0
0,0
0.0449,0
0.2441,0
0,0
0.1064,0
0,0
0.0616,0
0.0044,0
0,0
0,0
0,0
0.1704,0
0,0
0.1704,0
0.0782,0
0.0243,0
0,0
0.5552,0
0.0626,0
0,0
0.0056,0
0,0
0,0
0.0077,0
0,0
0.1884,0
0.3107,0
0,0
0.0199,0
0.1598,0
0,0
0.0065,0
0.0132,0
0,0
0.032,0
0.0445,0
0,0
0,0
0.1795,0
0,0
0,0
0.2297,0
0,0
0.257,0
0.4718,0
0.0935,0
0,0
0.1072,0
0,0
0.2291,0
0,0
0.1868,0
0.0913,0
0.0497,0
0,0
0,0
0,0
0.1636,0
0,0
0.1519,0
0.0525,0
0.097,0
0.0127,0
0,0
0.2527,0
0.0492,0
0.0079,0
0.1129,0
0,0
0.2464,0
0,0
0.0584,0
0,0
0,0
0,0
0,0
0.3,0
0,0
0.2265,0
0.3211,0
0,0
0.0486,0
0,0
0,0
0.0091,0
0,0
0,0
0,0
0.1113,0
0,0
0,0
0.2145,0
0,0
0.0791,0
0.0324,0
0.7396,0
0,0
0.1903,0
0,0
0.2626,0
0.2137,0
0,0
0,0
0.0297,0
0,0
0,0
0.0791,0
0,0
0.0315,0
0,0
0,0
0.5838,0
0,0
0,0
0.3114,0
0,0
0,0
0,0
0.0951,0
0,0
0.0386,0
0.1511,0
0,0
0.0878,0
0,0
0,0
0,0
0.8398,0
0.0323,0
0,0
0.0357,0
0.0418,0
0,0
0.0155,0
0,0
0,0
0,0
0,0
0,0
0,0
0.0741,0
0,0
0.0777,0
0,0
0.7225,0
0,0
0.0452,0
0.1591,0
0,0
0.0314,0
0.1244,0
0.9736,0
0,0
0,0
0,0
0,0
0.2293,0
0.43,0
0.0419,0
0.0142,0
0.0602,0
0.1573,0
0,0
0.334,0
0.2016,0
0,0
0,0
0.1855,0
0.1829,0
0,0
0.14,0
0,0
0,0
0,0
0,0
0.0698,0
0,0
0.0279,0
0,0
0,0
0,0
0.2592,0
0.2437,0
0.2001,0
0,0
0,0
0,0
0.0561,0
0.1406,0
0,0
0.134,0
0,0
0.0635,0
0,0
0.2439,0
0,0
0.0494,0
0.1417,0
0.0664,0
0.2024,0
0,0
0,0
0.4492,0
0.0854,0
0,0
0,0
0,0
0.6105,0
0.0309,0
0.1128,0
0.0858,0
0,0
0,0
0,0
0,0
0,0
0,0
0,0
0,0
0.0053,0
0,0
0.0104,0
0.351,0
0,0
0.0075,0
0,0
0.0313,0
0.1835,0
0.0983,0
0,0
0.159,0
0,0
0,0
0,0
0.0421,0
0,0
0.0425,0
0.1775,0
0,0
0.0678,0
0,0
0,0
0,0
0,0
0.9341,0
0.3675,0
0,0
0,0
0.1355,0
0.235,0
0,0
0,0
0.0408,0
0.0485,0
0,0
0.0266,0
0,0
0.3078,0
0.07,0
0,0
0.0065,0
0.1649,0
0.1119,0
0,0
0,0
0.0236,0
0,0
0.0904,0
0.2304,0
0,0
0,0
0,0
0.0457,0
0.0335,0
0.7015,0
0,0
0,0
0.0453,0
0.1809,0
0,0
0.0419,0
0,0
0,0
0.0102,0
0,0
0.2534,0
0.0522,0
0,0
0,0
0.0319,0
0.0165,0
0,0
0,0
0.0176,0
0.0871,0
0.0019,0
0.0097,0
0,0
0.2722,0
0,0
0,0
0.1188,0
0,0
0.0308,0
0,0
0.0592,0
0,0
0.0018,0
0,0
0.0159,0
0.0232,0
0.2022,0
0,0
0,0
0.4037,0
0,0
0,0
0,0
0.3158,0
0.161,0
0,0
0,0
0,0
0.1741,0
0.0107,0
0.1136,0
0,0
0,0
0.0711,0
0.1915,0
0.1032,0
0.2003,0
0,0
0.0241,0
0.1043,0
0,0
0.0167,0
0,0
0,0
0,0
0,0
0,0
0,0
0.1185,0
0.0296,0
0,0
0,0
0.2257,0
0.0972,0
0.0403,0
0,0
0.0203,0
0,0
0.2844,0
0,0
0.1179,0
0.0335,0
0.0269,0
0.053,0
0,0
0,0
0.1138,0
0.1228,0
0.107,0
0,0
0,0
0,0
0.0174,0
0.0976,0
0.0439,0
0,0
0,0
0,0
0,0
0,0
0.0037,0
0,0
0,0
0,0
0,0
0.0786,0
0.0542,0
0.0326,0
0.0534,0
0,0
0.1336,0
0.2738,0
0.0435,0
0.4935,0
0,0
0.1085,0
0,0
0.1329,0
0,0
0,0
0.9747,0
0,0
0.026,0
0,0
0,0
0.1233,0
0.3563,0
0.0357,0
0,0
0.3556,0
0.0389,0
0.7343,0
0,0
0,0
0.1903,0
0.0235,0
0,0
0.2501,0
0,0
0.1439,0
0.3499,0
0,0
0.163,0
0.0064,0
0,0
0.4247,0
0,0
0.0505,0
0.1156,0
0.1316,0
0,0
0,0
0.0652,0
0,0
0.1875,0
0.2032,0
0,0
0,0
0,0
0.1171,0
0.3743,0
0.1321,0
0,0
0,0
0.1513,0
0.1438,0
0.2093,0
0,0
0,0
0,0
0.183,0
0,0
0,0
0,0
0.1028,0
0.2221,0
0.036,0
0.0694,0
0,0
0,0
0.0382,0
0,0
0,0
0,0
0.163,0
0,0
0.0284,0
0,0
0.0037,0
0.1109,0
0,0
0,0
0.1777,0
0.0769,0
0.1098,0
0,0
0.8335,0
0,0
0.3446,0
0,0
0,0
0,0
0.0103,0
0.115,0
0,0
0,0
0,0
0,0
0,0
0,0
0,0
0,0
0,0
0.0884,0
0.0909,0
0.1199,0
0.4295,0
0.1277,0
0,0
0.0603,0
0.2833,0
0,0
0,0
0,0
0.0924,0
0.0376,0
0.1716,0
0,0
0.0445,0
0.0597,0
0,0
0.0395,0
0.0677,0
0,0
0,0
0,0
0.0422,0
0.1214,0
0.268,0
0.1182,0
0,0
0,0
0.2774,0
0.0342,0
0,0
0,0
0,0
0.2417,0
0.0374,0
0,0
0,0
0,0
0,0
0.2065,0
0.065,0
0.0904,0
0,0
0.0015,0
0,0
0,0
0,0
0,0
0.0038,0
0,0
0,0
0.112,0
0.2039,0
0.0935,0
0,0
0.202,0
0.0157,0
0,0
0.2135,0
0,0
0,0
0,0
0.0664,0
0.0664,0
0,0
0.1965,0
0,0
0,0
0,0
0.0144,0
0.2304,0
0.0028,0
0,0
0,0
0.4023,0
0.0505,0
0,0
0,0
0.4396,0
0,0
0.0287,0
0,0
0.1002,0
0,0
0,0
0,0
0.3198,0
0,0
0,0
0.6179,0
0.0392,0
0.0826,0
0.0801,0
0.001,0
0.121,0
0,0
0,0
0.0404,0
0,0
0,0
0.3725,0
0,0
0.0016,0
0,0
0.0304,0
0,0
0.1607,0
0,0
0.3131,0
0.2345,0
0,0
0.1118,0
0.0507,0
0.0476,0
0,0
0.0467,0
0.2005,0
0.0325,0
0.0886,0
0.1335,0
0.2005,0
0,0
0.0345,0
0,0
0.1962,0
0.407,0
0,0
0.0338,0
0,0
0.1012,0
0.1175,0
0.1927,0
0.146,0
0.1276,0
0,0
0,0
0.1017,0
0.1156,0
0,0
0.087,0
0,0
0.0493,0
0,0
0.2615,0
0.1356,0
0,0
0.0105,0
0,0
0.1224,0
0,0
0,0
0,0
0.0815,0
0.0184,0
0.1856,0
0,0
0,0
0,0
0.2149,0
0,0
0.0462,0
0.0949,0
0.2087,0
0,0
0,0
0,0
0.1118,0
0,0
0.1079,0
0.1693,0
0,0
0,0
0.1348,0
0.1741,0
0.0388,0
0.3447,0
0,0
0,0
0.1857,0
0.1606,0
0.2153,0
0,0
0.0473,0
0,0
0,0
0,0
0,0
0.1032,0
0,0
0,0
0.3796,0
0,0
0,0
0.0174,0
0,0
0.246,0
0,0
0,0
0.2229,0
0,0
0,0
0,0
0,0
0,0
0,0
0,0
0.0528,0
0.5218,0
0.2408,0
0,0
0.0141,0
0,0
0.0679,0
0,0
0,0
0,0
0.1664,0
0,0
0.1447,0
0.0343,0
0,0
0,0
0.2694,0
0,0
0.2566,0
0,0
0.1027,0
0,0
0.4088,0
0.1553,0
0.3144,0
0,0
0,0
0.0297,0
0.3165,0
0,0
0.21,0
0,0
0,0
0,0
0.0533,0
0.0097,0
0.4459,0
0.2755,0
0,0
0.1316,0
0,0
0,0
0,0
0,0
0,0
0,0
0,0
0,0
0.0287,0
0,0
0,0
0.1021,0
0,0
0,0
0.2594,0
0,0
0,0
0,0
0,0
0,0
0,0
0.0037,0
0.0154,0
0.1289,0
0.1377,0
0.0861,0
0,0
0,0
0,0
0,0
0,0
0,0
0.0622,0
0.0455,0
0,0
0,0
0.1125,0
0,0
0.0535,0
0,0
0,0
0,0
0,0
0,0
0.0044,0
0.0096,0
0,0
0,0
0.0266,0
0.048,0
0.1196,0
0,0
0,0
0.0557,0
0.1128,0
0.1437,0
0,0
0.0584,0
0,0
0,0
0,0
0,0
0,0
0,0
0,0
0,0
0.0749,0
0.306,0
0.4905,0
0.1905,0
0,0
0,0
0.1163,0
0.0023,0
0,0
0.167,0
0,0
0.1156,0
0.1316,0
0,0
0,0
0,0
0.0895,0
0,0
0.0437,0
0.1748,0
0.0508,0
0.0499,0
0.1582,0
0,0
0,0
0,0
0,0
0.6852,0
0,0
0.0623,0
0.425,0
0,0
0,0
0,0
0.0628,0
0.0109,0
0,0
0,0
0.1182,0
0.0286,0
0.6499,0
0.3131,0
0,0
0,0
0.1433,0
0.0307,0
0,0
0,0
0.3282,0
0.0822,0
0,0
0.01,0
0.2762,0
0.0141,0
0.0969,0
0.0936,0
0,0
0,0
0.1827,0
0.1087,0
0,0
0,0
0,0
0.1038,0
0,0
0.0723,0
0.2532,0
0.1186,0
0,0
0,0
0.1994,0
0,0
0,0
0.18,0
0.0521,0
0,0
0,0
0,0
0,0
0.0524,0
0.1361,0
0,0
0.0033,0
0,0
0,0
0.0825,0
0.0482,0
0.0434,0
0,0
0.0255,0
0,0
0.396,0
0.1811,0
0,0
0.0593,0
0.0429,0
0,0
0,0
0,0
0.0812,0
0,0
0.0736,0
0,0
0.0642,0
0.1669,0
0.0854,0
0,0
0,0
0.0846,0
0,0
0.078,0
0,0
0.0056,0
0,0
0,0
0,0
0.0715,0
0.0132,0
0.0208,0
0.1012,0
0.0593,0
0,0
0.5557,0
0,0
0.3453,0
0,0
0.0417,0
0.1456,0
0.0027,0
0.0497,0
0,0
0.1825,0
0,0
0.1004,0
0.0582,0
0,0
0.1607,0
0.3142,0
0.1939,0
0.104,0
0.0631,0
0.3711,0
0,0
0,0
0,0
0.4859,0
0,0
0,0
0,0
0,0
0,0
0.153,0
0,0
0.0891,0
0,0
0,0
0.21,0
0.0848,0
0,0
0.2086,0
0,0
0.1375,0
0.0469,0
0.0336,0
0,0
0.0046,0
0,0
0.0286,0
0,0
0,0
0,0
0,0
0.0585,0
0,0
0,0
0,0
0,0
0.0749,0
0,0
0.1319,0
0.1417,0
0,0
0,0
0,0
0,0
0.2914,0
0,0
0.0214,0
0,0
0,0
0,0
0,0
0,0
0.1367,0
0,0
0.164,0
0.2192,0
0,0
0,0
0.1249,0
0,0
0,0
0.2615,0
0.0691,0
0.221,0
0.0052,0
0.2105,0
0,0
0.1516,0
0,0
0.1023,0
0.2351,0
0.0193,0
0,0
0.7896,0
0,0
0.2886,0
0,0
0,0
0.011,0
0,0
0,0
0.0382,0
0.0442,0
0.5283,0
0,0
0,0
0.0211,0
0,0
0,0
0,0
0,0
0.0809,0
0,0
0.259,0
0,0
0.0864,0
0,0
0,0
0,0
0,0
0.0047,0
0,0
0,0
0.1208,0
0,0
0.0598,0
0,0
0,0
0,0
0.0464,0
0.4778,0
0.0086,0
0.1194,0
0,0
0.3322,0
0,0
0.0856,0
0.3331,0
0,0
0,0
0.0317,0
0,0
0.339,0
0,0
0.0165,0
0,0
0.1212,0
0,0
0.0104,0
0,0
0,0
0.3034,0
0,0
0.1162,0
0.2245,0
0,0
0,0
0.0234,0
0.0494,0
0,0
0.3957,0
0.1301,0
0.189,0
0,0
0,0
0,0
0.3325,0
0.0562,0
0.1334,0
0,0
0,0
0,0
0.0333,0
0.0221,0
0.4887,0
0,0
0.0825,0
0,0
0.1319,0
0.1086,0
0.046,0
0,0
0.0389,0
0,0
0,0
0.0032,0
0,0
0.0536,0
0.3053,0
0.0663,0
0.0407,0
0,0
0.1646,0
0,0
0,0
0.0217,0
0.385,0
0,0
0,0
0.0621,0
0,0
0,0
0,0
0,0
0,0
0,0
0.0303,0
0.0641,0
0.1493,0
0,0
0,0
0.0112,0
0,0
0,0
0,0
0.0724,0
0.0816,0
0.1268,0
0.1125,0
0,0
0.03,0
0,0
0.0404,0
0.0151,0
0.0743,0
0.1135,0
0.3394,0
0.0735,0
0.0346,0
0,0
0,0
0.2544,0
0,0
0,0
0,0
0.1032,0
0,0
0.248,0
0.3986,0
0,0
0.3349,0
0,0
0.025,0
0,0
0,0
0,0
0,0
0.022,0
0.0914,0
0.0116,0
0,0
0,0
0,0
0.0977,0
0.3146,0
0.3386,0
0,0
0.1131,0
0.3591,0
0.0416,0
0,0
0.0583,0
0.0807,0
0,0
0.0904,0
0.0874,0
0,0
0.0334,0
0,0
0.0395,0
0.0189,0
0,0
0,0
0.1234,0
0,0
0,0
0.0553,0
0.1419,0
0.1395,0
0,0
0,0
