<?xml version="1.0" encoding="UTF-8"?>
<metadata xml:lang="fr"><Esri><CreaDate>20200120</CreaDate><CreaTime>21053800</CreaTime><ArcGISFormat>1.0</ArcGISFormat><SyncOnce>TRUE</SyncOnce><DataProperties><lineage><Process ToolSource="c:\program files\arcgis\desktop10.0\ArcToolbox\Toolboxes\Data Management Tools.tbx\AddIndex" Date="20121108" Time="104925">AddIndex C:/Temp/Index/ModeleSIGEOM.gdb/F10E15_ZONE_MORPH_SEDIM PK PK_IDX NON_UNIQUE NON_ASCENDING</Process><Process ToolSource="c:\program files\arcgis\desktop10.0\ArcToolbox\Toolboxes\Data Management Tools.tbx\AddIndex" Date="20121108" Time="132541">AddIndex C:/Temp/Index/ModeleSIGEOM.gdb/F10E15_ZONE_MORPH_SEDIM FK FK_IDX NON_UNIQUE NON_ASCENDING</Process><Process ToolSource="c:\program files\arcgis\desktop10.0\ArcToolbox\Toolboxes\Data Management Tools.tbx\AddIndex" Date="20121108" Time="134143">AddIndex C:/Temp/Index/ModeleSIGEOM.gdb/F10E15_ZONE_MORPH_SEDIM NUMR_ZONE_SEDM NUMR_ZONE_SEDM_IDX NON_UNIQUE NON_ASCENDING</Process></lineage></DataProperties></Esri></metadata>
